-- --------------------------------------------------------
-- Host:                         hcut2025c
-- Server version:               5.5.32-log - MySQL Community Server (GPL)
-- Server OS:                    Win32
-- HeidiSQL Version:             8.3.0.4694
-- --------------------------------------------------------

/*!40101 SET @OLD_CHARACTER_SET_CLIENT=@@CHARACTER_SET_CLIENT */;
/*!40101 SET NAMES utf8 */;
/*!40014 SET @OLD_FOREIGN_KEY_CHECKS=@@FOREIGN_KEY_CHECKS, FOREIGN_KEY_CHECKS=0 */;
/*!40101 SET @OLD_SQL_MODE=@@SQL_MODE, SQL_MODE='NO_AUTO_VALUE_ON_ZERO' */;

-- Dumping database structure for test_t
CREATE DATABASE IF NOT EXISTS `test_t` /*!40100 DEFAULT CHARACTER SET latin1 */;
USE `test_t`;


-- Dumping structure for table test_t.bu
CREATE TABLE IF NOT EXISTS `bu` (
  `id` int(11) NOT NULL AUTO_INCREMENT,
  `bu` varchar(3) DEFAULT NULL,
  PRIMARY KEY (`id`)
) ENGINE=InnoDB AUTO_INCREMENT=51 DEFAULT CHARSET=latin1 ROW_FORMAT=COMPACT;

-- Dumping data for table test_t.bu: ~5 rows (approximately)
DELETE FROM `bu`;
/*!40000 ALTER TABLE `bu` DISABLE KEYS */;
INSERT INTO `bu` (`id`, `bu`) VALUES
	(46, 'BSV'),
	(47, 'NE1'),
	(48, 'NE2'),
	(49, 'NE3'),
	(50, 'P');
/*!40000 ALTER TABLE `bu` ENABLE KEYS */;


-- Dumping structure for table test_t.department
CREATE TABLE IF NOT EXISTS `department` (
  `ID` int(11) NOT NULL AUTO_INCREMENT,
  `DEPARTMENT` varchar(45) NOT NULL,
  `SECTION_ID` int(11) NOT NULL,
  PRIMARY KEY (`ID`),
  UNIQUE KEY `ID_UNIQUE` (`ID`),
  UNIQUE KEY `DEPARTMENT_NAME_UNIQUE` (`DEPARTMENT`),
  UNIQUE KEY `UK_9w1lpeaa5lxx2jwxyitkv0nk5` (`DEPARTMENT`),
  KEY `SEC_DEP_FK_idx` (`SECTION_ID`),
  CONSTRAINT `department_ibfk_1` FOREIGN KEY (`SECTION_ID`) REFERENCES `section` (`ID`) ON DELETE NO ACTION ON UPDATE NO ACTION
) ENGINE=InnoDB AUTO_INCREMENT=939 DEFAULT CHARSET=latin1 ROW_FORMAT=COMPACT;

-- Dumping data for table test_t.department: ~100 rows (approximately)
DELETE FROM `department`;
/*!40000 ALTER TABLE `department` DISABLE KEYS */;
INSERT INTO `department` (`ID`, `DEPARTMENT`, `SECTION_ID`) VALUES
	(839, 'EOH', 228),
	(840, 'EPQ', 228),
	(841, 'NE1', 228),
	(842, 'EED', 227),
	(843, 'EEF', 227),
	(844, 'EEH', 227),
	(845, 'EEJ', 227),
	(846, 'EEM', 227),
	(847, 'ENE', 227),
	(848, 'EEA', 226),
	(849, 'EEI', 226),
	(850, 'EES', 226),
	(851, 'EET', 226),
	(852, 'EEV', 226),
	(853, 'EEX', 226),
	(854, 'EFB', 226),
	(855, 'EEZ', 225),
	(856, 'ECX', 224),
	(857, 'EDT', 224),
	(858, 'EEB', 224),
	(859, 'EEC', 224),
	(860, 'EEN', 224),
	(861, 'EHV', 224),
	(862, 'BSH', 220),
	(863, 'BSI', 220),
	(864, 'BSL', 220),
	(865, 'BSN', 220),
	(866, 'BSR', 220),
	(867, 'BSS', 220),
	(868, 'BSV', 221),
	(869, 'ECE', 222),
	(870, 'EJA', 222),
	(871, 'EJB', 222),
	(872, 'EME', 222),
	(873, 'EMR', 222),
	(874, 'ECW', 223),
	(875, 'EDA', 223),
	(876, 'EEG', 223),
	(877, 'EEP', 223),
	(878, 'EPB', 223),
	(879, 'EPV', 223),
	(880, 'ESA', 216),
	(881, 'ESB', 216),
	(882, 'ESC', 216),
	(883, 'ESD', 216),
	(884, 'ESE', 216),
	(885, 'ESF', 216),
	(886, 'ESP', 216),
	(887, 'ESV', 216),
	(888, 'ESZ', 216),
	(889, 'EBD', 217),
	(890, 'NE2', 217),
	(891, 'BSB', 218),
	(892, 'BSC', 218),
	(893, 'BSO', 218),
	(894, 'BSW', 218),
	(895, 'BSA', 219),
	(896, 'BSD', 219),
	(897, 'BSE', 219),
	(898, 'BSM', 219),
	(899, 'BSP', 219),
	(900, 'ENA', 212),
	(901, 'ENB', 212),
	(902, 'ENC', 212),
	(903, 'END', 212),
	(904, 'ENM', 212),
	(905, 'EGB', 213),
	(906, 'EIP', 213),
	(907, 'NE3', 213),
	(908, 'EBA', 214),
	(909, 'EBB', 214),
	(910, 'EBT', 214),
	(911, 'EMT', 214),
	(912, 'ETA', 214),
	(913, 'ETB', 214),
	(914, 'ETT', 214),
	(915, 'ECA', 215),
	(916, 'ECF', 215),
	(917, 'ECG', 215),
	(918, 'ECI', 215),
	(919, 'ECM', 215),
	(920, 'ECP', 215),
	(921, 'ECS', 215),
	(922, 'ECT', 215),
	(923, 'ECV', 215),
	(924, 'QMM', 209),
	(925, 'QMM-PEA', 209),
	(926, 'QMM-QAA', 209),
	(927, 'QMM-QAB', 209),
	(928, 'QMM-QAC', 209),
	(929, 'QMM-QAD', 209),
	(930, 'EAE', 210),
	(931, 'EAP', 210),
	(932, 'EAX', 210),
	(933, 'EAA', 211),
	(934, 'EAB', 211),
	(935, 'ECN', 211),
	(936, 'EIA', 211),
	(937, 'EST', 211),
	(938, 'ETP', 211);
/*!40000 ALTER TABLE `department` ENABLE KEYS */;


-- Dumping structure for table test_t.groups
CREATE TABLE IF NOT EXISTS `groups` (
  `ID` int(11) NOT NULL AUTO_INCREMENT,
  `GROUP_NAME` varchar(45) NOT NULL,
  `DEPARTMENT_ID` int(11) NOT NULL,
  PRIMARY KEY (`ID`),
  UNIQUE KEY `ID_UNIQUE` (`ID`),
  UNIQUE KEY `GROUP_NAME_UNIQUE` (`GROUP_NAME`),
  UNIQUE KEY `UK_g8tdj7gvi46o6hh66286vstbt` (`GROUP_NAME`),
  KEY `GRP_DEPT_FK_idx` (`DEPARTMENT_ID`),
  CONSTRAINT `groups_ibfk_1` FOREIGN KEY (`DEPARTMENT_ID`) REFERENCES `department` (`ID`) ON DELETE NO ACTION ON UPDATE NO ACTION
) ENGINE=InnoDB AUTO_INCREMENT=3227 DEFAULT CHARSET=latin1 ROW_FORMAT=COMPACT;

-- Dumping data for table test_t.groups: ~383 rows (approximately)
DELETE FROM `groups`;
/*!40000 ALTER TABLE `groups` DISABLE KEYS */;
INSERT INTO `groups` (`ID`, `GROUP_NAME`, `DEPARTMENT_ID`) VALUES
	(2844, 'EST', 937),
	(2845, 'EST1', 937),
	(2846, 'EST2', 937),
	(2847, 'EST3', 937),
	(2848, 'EST5', 937),
	(2849, 'EST6', 937),
	(2850, 'PJ-SPS', 937),
	(2851, 'EIA', 936),
	(2852, 'EIA1', 936),
	(2853, 'EIA2', 936),
	(2854, 'ETP', 938),
	(2855, 'ETP1', 938),
	(2856, 'ETP2', 938),
	(2857, 'ETP3', 938),
	(2858, 'ETP4', 938),
	(2859, 'EAA', 933),
	(2860, 'EAA1', 933),
	(2861, 'EAA2', 933),
	(2862, 'EAA3', 933),
	(2863, 'EAX', 932),
	(2864, 'EAX1', 932),
	(2865, 'EAX2', 932),
	(2866, 'ECN', 935),
	(2867, 'EAB', 934),
	(2868, 'EAB1', 934),
	(2869, 'EAB2', 934),
	(2870, 'QMM-QAD', 929),
	(2871, 'QMM-QAC', 928),
	(2872, 'EAP', 931),
	(2873, 'EAP1', 931),
	(2874, 'EAP2', 931),
	(2875, 'EAP3', 931),
	(2876, 'EAP4', 931),
	(2877, 'EAP5', 931),
	(2878, 'EAP6', 931),
	(2879, 'EAE', 930),
	(2880, 'QMM-QAA1', 926),
	(2881, 'QMM-QAA2', 926),
	(2882, 'QMM-QAB', 927),
	(2883, 'QMM', 924),
	(2884, 'QMM-PEA1', 925),
	(2885, 'QMM-PEA2', 925),
	(2886, 'QMM-PEA3', 925),
	(2887, 'QMM-PEA4', 925),
	(2888, 'ECT', 922),
	(2889, 'ECT1', 922),
	(2890, 'ECT2', 922),
	(2891, 'ECT3', 922),
	(2892, 'ECV', 923),
	(2893, 'ECV1', 923),
	(2894, 'ECV2', 923),
	(2895, 'ECV3', 923),
	(2896, 'ECP', 920),
	(2897, 'ECP1', 920),
	(2898, 'ECP2', 920),
	(2899, 'ECP3', 920),
	(2900, 'ECP4', 920),
	(2901, 'ECS', 921),
	(2902, 'ECS1', 921),
	(2903, 'ECS2', 921),
	(2904, 'ECS3', 921),
	(2905, 'ECI', 918),
	(2906, 'ECI1', 918),
	(2907, 'ECI2', 918),
	(2908, 'ECI3', 918),
	(2909, 'ECI4', 918),
	(2910, 'ECI5', 918),
	(2911, 'ECI6', 918),
	(2912, 'ECM', 919),
	(2913, 'ECF', 916),
	(2914, 'ECF3', 916),
	(2915, 'ECF4', 916),
	(2916, 'ECF5', 916),
	(2917, 'ECG', 917),
	(2918, 'ECG1', 917),
	(2919, 'ECG2', 917),
	(2920, 'ECG3', 917),
	(2921, 'ETT', 914),
	(2922, 'ETT1', 914),
	(2923, 'ETT2', 914),
	(2924, 'ETT3', 914),
	(2925, 'ETT4', 914),
	(2926, 'ETT5', 914),
	(2927, 'ETT6', 914),
	(2928, 'ECA', 915),
	(2929, 'ECA1', 915),
	(2930, 'ECA2', 915),
	(2931, 'ECA3', 915),
	(2932, 'ETA', 912),
	(2933, 'ETA1', 912),
	(2934, 'ETA2', 912),
	(2935, 'ETA3', 912),
	(2936, 'ETA4', 912),
	(2937, 'ETA5', 912),
	(2938, 'ETA6', 912),
	(2939, 'ETB', 913),
	(2940, 'ETB1', 913),
	(2941, 'ETB2', 913),
	(2942, 'ETB3', 913),
	(2943, 'ETB4', 913),
	(2944, 'EMT', 911),
	(2945, 'EMT1', 911),
	(2946, 'EMT2', 911),
	(2947, 'EMT4', 911),
	(2948, 'EMT5', 911),
	(2949, 'EBT', 910),
	(2950, 'EBB', 909),
	(2951, 'EBB1', 909),
	(2952, 'EBB2', 909),
	(2953, 'EBB3', 909),
	(2954, 'EBA', 908),
	(2955, 'EBA1', 908),
	(2956, 'EBA2', 908),
	(2957, 'EBA3', 908),
	(2958, 'NE3', 907),
	(2959, 'EIP', 906),
	(2960, 'EGB', 905),
	(2961, 'EGB1', 905),
	(2962, 'ENM', 904),
	(2963, 'ENM-EGP', 904),
	(2964, 'ENM-UX', 904),
	(2965, 'END', 903),
	(2966, 'END1', 903),
	(2967, 'END2', 903),
	(2968, 'ENC', 902),
	(2969, 'ENC1', 902),
	(2970, 'ENC2', 902),
	(2971, 'ENC4', 902),
	(2972, 'ENB', 901),
	(2973, 'ENB1', 901),
	(2974, 'ENB2', 901),
	(2975, 'ENB3', 901),
	(2976, 'ENA', 900),
	(2977, 'ENA1', 900),
	(2978, 'ENA2', 900),
	(2979, 'ENA3', 900),
	(2980, 'BSP', 899),
	(2981, 'BSP1', 899),
	(2982, 'BSP2', 899),
	(2983, 'BSP3', 899),
	(2984, 'BSM', 898),
	(2985, 'BSM1', 898),
	(2986, 'BSM2', 898),
	(2987, 'BSM3', 898),
	(2988, 'BSE', 897),
	(2989, 'BSD', 896),
	(2990, 'BSD1', 896),
	(2991, 'BSD2', 896),
	(2992, 'BSD3', 896),
	(2993, 'BSD4', 896),
	(2994, 'ESB', 881),
	(2995, 'ESB1', 881),
	(2996, 'ESB2', 881),
	(2997, 'ESB3', 881),
	(2998, 'ESB4', 881),
	(2999, 'ESB5', 881),
	(3000, 'ESB6', 881),
	(3001, 'ESA', 880),
	(3002, 'ESA1', 880),
	(3003, 'ESA2', 880),
	(3004, 'ESA3', 880),
	(3005, 'ESA4', 880),
	(3006, 'ESA5', 880),
	(3007, 'ESD', 883),
	(3008, 'ESD1', 883),
	(3009, 'ESD2', 883),
	(3010, 'ESD3', 883),
	(3011, 'ESD4', 883),
	(3012, 'ESD5', 883),
	(3013, 'ESC', 882),
	(3014, 'ESC1', 882),
	(3015, 'ESC2', 882),
	(3016, 'ESC3', 882),
	(3017, 'ESC5', 882),
	(3018, 'ESF', 885),
	(3019, 'ESF1', 885),
	(3020, 'ESF2', 885),
	(3021, 'ESF3', 885),
	(3022, 'ESE', 884),
	(3023, 'ESE1', 884),
	(3024, 'ESE2', 884),
	(3025, 'ESE3', 884),
	(3026, 'ESE4', 884),
	(3027, 'ESQ', 887),
	(3028, 'ESV', 887),
	(3029, 'ESP', 886),
	(3030, 'ESP1', 886),
	(3031, 'ESP2', 886),
	(3032, 'ESP3', 886),
	(3033, 'ESP4', 886),
	(3034, 'EBD', 889),
	(3035, 'ESZ', 888),
	(3036, 'ESZ1', 888),
	(3037, 'ESZ2', 888),
	(3038, 'BSB', 891),
	(3039, 'NE2', 890),
	(3040, 'PJ-NBS', 890),
	(3041, 'BSO', 893),
	(3042, 'BSO1', 893),
	(3043, 'BSO2', 893),
	(3044, 'BSO3', 893),
	(3045, 'BSO4', 893),
	(3046, 'BSC', 892),
	(3047, 'BSC1', 892),
	(3048, 'BSC2', 892),
	(3049, 'BSC3', 892),
	(3050, 'BSA', 895),
	(3051, 'BSA1', 895),
	(3052, 'BSA2', 895),
	(3053, 'BSA3', 895),
	(3054, 'BSA4', 895),
	(3055, 'BSW', 894),
	(3056, 'BSW-COE', 894),
	(3057, 'BSW1', 894),
	(3058, 'BSW2', 894),
	(3059, 'BSW3', 894),
	(3060, 'BSW4', 894),
	(3061, 'BSL', 864),
	(3062, 'BSL1', 864),
	(3063, 'BSL2', 864),
	(3064, 'BSL3', 864),
	(3065, 'BSN', 865),
	(3066, 'BSN1', 865),
	(3067, 'BSN2', 865),
	(3068, 'BSN3', 865),
	(3069, 'BSN4', 865),
	(3070, 'BSN6', 865),
	(3071, 'BSR', 866),
	(3072, 'BSR1', 866),
	(3073, 'BSR2', 866),
	(3074, 'BSR3', 866),
	(3075, 'BSS', 867),
	(3076, 'BSV', 868),
	(3077, 'ECE', 869),
	(3078, 'PJ-GJT', 869),
	(3079, 'EJA', 870),
	(3080, 'EJA1', 870),
	(3081, 'EJA2', 870),
	(3082, 'EJA3', 870),
	(3083, 'EJA4', 870),
	(3084, 'EJB', 871),
	(3085, 'EJB1', 871),
	(3086, 'EJB2', 871),
	(3087, 'EJB3', 871),
	(3088, 'EME', 872),
	(3089, 'EME1', 872),
	(3090, 'EME2', 872),
	(3091, 'EME3', 872),
	(3092, 'EMR', 873),
	(3093, 'EMR1', 873),
	(3094, 'EMR2', 873),
	(3095, 'EMR3', 873),
	(3096, 'EMR4', 873),
	(3097, 'ECW', 874),
	(3098, 'EDA', 875),
	(3099, 'EDA1', 875),
	(3100, 'EDA2', 875),
	(3101, 'EDA3', 875),
	(3102, 'EDA4', 875),
	(3103, 'EDA5', 875),
	(3104, 'EEG', 876),
	(3105, 'EEG1', 876),
	(3106, 'EEG2', 876),
	(3107, 'EEG3', 876),
	(3108, 'EEG4', 876),
	(3109, 'EEP', 877),
	(3110, 'EEP1', 877),
	(3111, 'EEP2', 877),
	(3112, 'EEP3', 877),
	(3113, 'EEP4', 877),
	(3114, 'EPB', 878),
	(3115, 'EPB1', 878),
	(3116, 'EPB2', 878),
	(3117, 'EPB3', 878),
	(3118, 'EPV', 879),
	(3119, 'EPV1', 879),
	(3120, 'EPV2', 879),
	(3121, 'EPV3', 879),
	(3122, 'EPV4', 879),
	(3123, 'EPV5', 879),
	(3124, 'EET', 851),
	(3125, 'EET1', 851),
	(3126, 'EET2', 851),
	(3127, 'EET3', 851),
	(3128, 'EES', 850),
	(3129, 'EES1', 850),
	(3130, 'EES2', 850),
	(3131, 'EEI', 849),
	(3132, 'EEI1', 849),
	(3133, 'EEI2', 849),
	(3134, 'EEI3', 849),
	(3135, 'EEI4', 849),
	(3136, 'EEI5', 849),
	(3137, 'EEA', 848),
	(3138, 'EEA1', 848),
	(3139, 'EEA2', 848),
	(3140, 'EEA3', 848),
	(3141, 'EEZ3', 855),
	(3142, 'EFB', 854),
	(3143, 'EFB-EP', 854),
	(3144, 'PJ-EMT', 854),
	(3145, 'EEX', 853),
	(3146, 'EEX1', 853),
	(3147, 'EEX2', 853),
	(3148, 'EEX3', 853),
	(3149, 'EEX4', 853),
	(3150, 'EEV', 852),
	(3151, 'EEV1', 852),
	(3152, 'EEV2', 852),
	(3153, 'EEV3', 852),
	(3154, 'EEC', 859),
	(3155, 'EEC1', 859),
	(3156, 'EEC2', 859),
	(3157, 'EEC3', 859),
	(3158, 'EEC4', 859),
	(3159, 'EEC5', 859),
	(3160, 'EEB', 858),
	(3161, 'EEB1', 858),
	(3162, 'EEB2', 858),
	(3163, 'EEB3', 858),
	(3164, 'EDT', 857),
	(3165, 'EDT1', 857),
	(3166, 'EDT2', 857),
	(3167, 'EDT3', 857),
	(3168, 'EDT4', 857),
	(3169, 'EDT5', 857),
	(3170, 'ECX', 856),
	(3171, 'PJ-AER', 856),
	(3172, 'PJ-IOT', 856),
	(3173, 'PJ-NLB', 856),
	(3174, 'BSI', 863),
	(3175, 'BSI1', 863),
	(3176, 'BSI2', 863),
	(3177, 'BSI3', 863),
	(3178, 'BSI4', 863),
	(3179, 'BSI5', 863),
	(3180, 'BSH', 862),
	(3181, 'BSH1', 862),
	(3182, 'BSH2', 862),
	(3183, 'BSH3', 862),
	(3184, 'EHV', 861),
	(3185, 'EHV1', 861),
	(3186, 'EHV2', 861),
	(3187, 'EHV3', 861),
	(3188, 'EEN', 860),
	(3189, 'EEN1', 860),
	(3190, 'EEN2', 860),
	(3191, 'EEN3', 860),
	(3192, 'EEN4', 860),
	(3193, 'EOH', 839),
	(3194, 'EED', 842),
	(3195, 'EED1', 842),
	(3196, 'EED2', 842),
	(3197, 'EED3', 842),
	(3198, 'EED4', 842),
	(3199, 'EED5', 842),
	(3200, 'EED6', 842),
	(3201, 'EEF', 843),
	(3202, 'EEF1', 843),
	(3203, 'EEF2', 843),
	(3204, 'EEF3', 843),
	(3205, 'EEF4', 843),
	(3206, 'EPQ', 840),
	(3207, 'EPQ1', 840),
	(3208, 'EPQ2', 840),
	(3209, 'NE1', 841),
	(3210, 'PJ-PIO-NE1', 841),
	(3211, 'PJ-SP-NE1', 841),
	(3212, 'EEM', 846),
	(3213, 'EEM1', 846),
	(3214, 'EEM2', 846),
	(3215, 'EEM3', 846),
	(3216, 'EEM4', 846),
	(3217, 'ENE', 847),
	(3218, 'EEH', 844),
	(3219, 'EEH1', 844),
	(3220, 'EEH2', 844),
	(3221, 'EEH3', 844),
	(3222, 'EEH4', 844),
	(3223, 'EEJ', 845),
	(3224, 'EEJ1', 845),
	(3225, 'EEJ2', 845),
	(3226, 'EEJ3', 845);
/*!40000 ALTER TABLE `groups` ENABLE KEYS */;


-- Dumping structure for table test_t.section
CREATE TABLE IF NOT EXISTS `section` (
  `ID` int(11) NOT NULL AUTO_INCREMENT,
  `SECTION` varchar(45) NOT NULL,
  `bu_id` int(11) DEFAULT NULL,
  PRIMARY KEY (`ID`),
  UNIQUE KEY `SECTION_NAME_UNIQUE` (`SECTION`),
  UNIQUE KEY `ID_UNIQUE` (`ID`),
  UNIQUE KEY `UK_k52xa1p219lkcjk3liuujpb89` (`SECTION`),
  KEY `fk_section_bu_id_idx` (`bu_id`),
  CONSTRAINT `section_ibfk_1` FOREIGN KEY (`bu_id`) REFERENCES `bu` (`id`) ON DELETE NO ACTION ON UPDATE NO ACTION
) ENGINE=InnoDB AUTO_INCREMENT=231 DEFAULT CHARSET=latin1 ROW_FORMAT=COMPACT;

-- Dumping data for table test_t.section: ~21 rows (approximately)
DELETE FROM `section`;
/*!40000 ALTER TABLE `section` DISABLE KEYS */;
INSERT INTO `section` (`ID`, `SECTION`, `bu_id`) VALUES
	(209, 'QMM', 50),
	(210, 'EAE', 49),
	(211, 'ECN', 49),
	(212, 'ENM', 49),
	(213, 'NE3', 49),
	(214, 'EBT', 48),
	(215, 'ECM', 48),
	(216, 'ESV', 48),
	(217, 'NE2', 48),
	(218, 'BSB', 46),
	(219, 'BSE', 46),
	(220, 'BSS', 46),
	(221, 'BSV', 46),
	(222, 'ECE', 47),
	(223, 'ECW', 47),
	(224, 'ECX', 47),
	(225, 'EFA', 47),
	(226, 'EFB', 47),
	(227, 'ENE', 47),
	(228, 'NE1', 47),
	(230, 'Test D', 47);
/*!40000 ALTER TABLE `section` ENABLE KEYS */;


-- Dumping structure for table test_t.user
CREATE TABLE IF NOT EXISTS `user` (
  `EMPLOYEE_ID` int(11) NOT NULL,
  `EMPLOYEE_EMAIL` varchar(1000) NOT NULL,
  `EMPLOYEE_NAME` varchar(1000) NOT NULL,
  `DESIGNATION` varchar(1000) DEFAULT NULL,
  `SECTION` varchar(1000) DEFAULT NULL,
  `DEPARTMENT` varchar(1000) DEFAULT NULL,
  `GROUP_NAME` varchar(1000) DEFAULT NULL,
  PRIMARY KEY (`EMPLOYEE_ID`),
  UNIQUE KEY `EMPLOYEE_ID_UNIQUE` (`EMPLOYEE_ID`)
) ENGINE=InnoDB DEFAULT CHARSET=latin1 ROW_FORMAT=COMPACT;

-- Dumping data for table test_t.user: ~341 rows (approximately)
DELETE FROM `user`;
/*!40000 ALTER TABLE `user` DISABLE KEYS */;
INSERT INTO `user` (`EMPLOYEE_ID`, `EMPLOYEE_EMAIL`, `EMPLOYEE_NAME`, `DESIGNATION`, `SECTION`, `DEPARTMENT`, `GROUP_NAME`) VALUES
	(0, 'Duc.BuiMinh@gmail.com', 'Bui Minh Duc', 'ALL', 'ETI', 'ETI', 'ETI1'),
	(1, 'Tan.MaiVan@gmail.com', 'mai', 'ALL', 'ETI', 'ETI', 'ETI1'),
	(2, 'Lam.TruongHoangDinh@gmail.com', 'Truong Hoang Dinh Lam', 'ALL', 'ETI', 'ETI', 'ETI1'),
	(30223990, 'Satheesha.Moogina@gmail.com', 'Satheesha Moogina', 'GRM', 'EBT', 'ETT', 'ETT1'),
	(30224007, 'Swaminathan.k@gmail.com', 'Swaminathan K', '', 'BSV', 'BSV', 'BSV'),
	(30224016, 'Ramesh.Sagere@gmail.com', 'Ramesh Sagere', 'DH', 'ENM', 'ENC', 'ENC'),
	(30224025, 'Srikar.Balakrishna@gmail.com', 'Srikar Balakrishna', 'SH', 'BPM', 'BPM', 'BPM'),
	(30224034, 'Rincy.Joseph@gmail.com', 'Rincy Joseph', 'DH', 'CI/ISY-IN', 'CI/BPR-IN', 'CI/BPR-IN'),
	(30224052, 'sujatha.d@gmail.com', 'Sujatha D', '', 'BSE', 'BSE', 'BSE'),
	(30224105, 'VindhyaVishwanath.Kudva@gmail.com', 'Vindhya Vishwanath Kudva', 'DH', 'BPM', 'DBE', 'DBE'),
	(30224114, 'Parthasarathi.MaduraivasalKuppuswamy@gmail.com', 'Parthasarathi Maduraivasal Kuppuswamy', 'DH', 'HRL', 'HRL-SC', 'HRL-SC'),
	(30224123, 'Sudhira.H@gmail.com', 'Sudhira Honnavar', 'GRM', 'BPM', 'ICO', 'ICO1'),
	(30224132, 'Jayasimha.CN@gmail.com', 'Jayasimha C N', 'DH', 'ECN', 'EIA', 'EIA'),
	(30224141, 'Ganesh.Kamath@gmail.com', 'Ganesh Kamath Dakkerbal', 'DH', 'EBT', 'ETA', 'ETA'),
	(30224150, 'Jagadeesh.EndorseKrishnamurthy@gmail.com', 'Jagadeesh Endorse Krishnamurthy', 'DH', 'ECM', 'ECF', 'ECF'),
	(30224169, 'Muthaiah.Pitchiah@gmail.com', 'Muthiah P', '', 'BSS', 'BSH', 'BSH'),
	(30224187, 'subhalakshmi.r@gmail.com', 'Subhalakshmi R', '', 'BSS', 'BSR', 'BSR'),
	(30224212, 'Krishna.Bhat@gmail.com', 'Krishna Bhat', 'DH', 'P', 'DSO', 'DSO'),
	(30224221, 'fixed-term.Sathyanarayana.Nagaraj@gmail.com', 'Sathyanarayana N', 'SH', 'ECN', 'ECN', 'ECN'),
	(30224249, 'SRIDHAR.CA@gmail.com', 'Sridhar C A', 'DH', 'ECW', 'EPV', 'EPV'),
	(30224267, 'Satish.Seetharam@gmail.com', 'Satish Seetharam', 'DH', 'ECE', 'EJA', 'EJA'),
	(30224294, 'kiran.sundararaman@gmail.com', 'Kiran Sundar Raman', '', 'BSB', 'BSB', 'BSB'),
	(30224310, 'shibu.joseph@gmail.com', 'Shibu Joseph A', '', 'BSS', 'BSI', 'BSI1'),
	(30224392, 'padmaja.achantarama@gmail.com', 'Padmaja Achanta Rama', 'SH', 'ESV', 'ESV', 'ESV'),
	(30224418, 'Sriram.tv@gmail.com', 'Sriram T V', 'SH', 'EBT', 'EBT', 'EBT'),
	(30224427, 'Kaligal.Chidananda@gmail.com', 'Chidananda Kaligal', 'GRM', 'ECN', 'EAA', 'EAA5'),
	(30224436, 'prasad.sm@gmail.com', 'Prasad S M', '', 'BSS', 'BSN', 'BSN'),
	(30224454, 'Anil.Prakash@gmail.com', 'Anil Prakash', 'DH', 'HRL', 'HRL-TD', 'HRL-TD'),
	(30224481, 'pratibha.s@gmail.com', 'Pratibha Sirish Batchu', '', 'BSE', 'BSD', 'BSD'),
	(30224490, 'Narendra.YelandurRanganath@gmail.com', 'Narendra Yelandur Ranganath', 'GRM', 'ECN', 'EST', 'EST1'),
	(30224506, 'Darshan.Konnar@gmail.com', 'Darshan Konnar', 'DH', 'EBT', 'ETB', 'ETB'),
	(30224515, 'Venkata.Krishna@gmail.com', 'Venkata Krishna', '', 'BSB', 'BSB', 'BSB'),
	(30224524, 'Badrinath.K@gmail.com', 'Badrinath Krishnamurthy', 'DH', 'ECX', 'ECX', 'ECX'),
	(30224560, 'Padaki.SR@gmail.com', 'Padaki S R', 'GRM', 'QMM', 'QMM-QAA', 'QMM-QAA2'),
	(30224588, 'Prashant.Balse@gmail.com', 'Prashant M B', '', 'BSS', 'BSN', 'BSN1'),
	(30224604, 'Anitha.RajannaYadukumar@gmail.com', 'Anitha Rajanna Yadukumar', 'GRM', 'P', 'DSO', 'DSO1'),
	(30224613, 'dattatri.salagame@gmail.com', 'Dattatri S R', '', 'BSS', 'BSS', 'BSS'),
	(30224622, 'gopala.krishna@gmail.com', 'Gopalakrishna S', '', 'BSS', 'BSH', 'BSH'),
	(30224640, 'Sritharan.S@gmail.com', 'Sritharan S', 'DH', 'BPM', 'ICO', 'ICO'),
	(30224668, 'Sasikumar.G@gmail.com', 'Sasikumar G', 'SH', 'QMM', 'QMM', 'QMM'),
	(30224677, 'Raghavendra.KS@gmail.com', 'Raghavendra K S', 'GRM', 'ECW', 'EEG', 'EEG2'),
	(30224695, 'Srinivasan.c@gmail.com', 'Srinivasa Srinivasa', 'SH', 'ECE', 'ECE', 'ECE'),
	(30224748, 'viswanathan.s@gmail.com', 'Viswanathan S', '', 'BSS', 'BSN', 'BSN3'),
	(30224775, 'Julius.PanakkalFrancis@gmail.com', 'Julius Panakkal Francis', 'DH', 'ECW', 'EPB', 'EPB'),
	(30224800, 'Muthu.Vijayan@gmail.com', 'Muthu Vijayan Rajendran', 'GRM', 'CI/ISY-IN', 'CI/ISY-IN', 'CI/ISY-IN'),
	(30224819, 'PURUSHOTHAMA.MP@gmail.com', 'Purushothama M P', 'GRM', 'FC', 'FIN', 'FIN2'),
	(30224828, 'SAJIT.CP@gmail.com', 'Sajit C P', 'GRM', 'ECW', 'EPV', 'EPV2'),
	(30224855, 'Vinay.Virupakshaiah@gmail.com', 'Vinay Virupakshaiah', 'GRM', 'ECM', 'ECF', 'ECF4'),
	(30224873, 'Kalmath.SI@gmail.com', 'Shivalingayya Kalmath', 'DH', 'ESV', 'ESP', 'ESP'),
	(30224917, 'Ashoka.Kumar@gmail.com', 'Ashoka Kumar', 'DH', 'EFB', 'EEV', 'EEV'),
	(30224935, 'PANDURANGA.KAMATH@gmail.com', 'Panduranga Kamath', 'GRM', 'ECN', 'EAA', 'EAA4'),
	(30224971, 'Madhusudan.KR@gmail.com', 'Madhusudan K R', 'DH', 'ECN', 'EAA', 'EAA'),
	(30224980, 'shanmugarajan.g@gmail.com', 'Shanmugarajan G', '', 'BSS', 'BSN', 'BSN2'),
	(30224999, 'Thiyagarajan.Masilamani@gmail.com', 'Thiyagarajan Masilamani', 'DH', 'ESV', 'ESF', 'ESF'),
	(30225006, 'Ghatak.Joy@gmail.com', 'Joy Ghatak', 'DH', 'ECM', 'ECP', 'ECP'),
	(30225024, 'Rengaraj.Chandrasekaran@gmail.com', 'Rengaraj C', '', 'BSE', 'BSD', 'BSD1'),
	(30225042, 'Nandan.Bhat@gmail.com', 'Nandan Narayan Bhat', 'GRM', 'ECW', 'EDA', 'EDA1'),
	(30225079, 'Vishnuvardhan.BangaloreSatyanarayana@gmail.com', 'Vishnuvardhan Bangalore Satyanarayana', 'DH', 'ECE', 'EJB', 'EJB'),
	(30225088, 'Naved.Narayan@gmail.com', 'Naved Narayan', 'DH', 'ESV', 'ESC', 'ESC'),
	(30225097, 'Lavanya.Uppala@gmail.com', 'Lavanya Uppala', 'DH', 'NE2', 'NE2', 'PJ-NBS'),
	(30225122, 'Nanda.Kumar@gmail.com', 'Nanda Kumara V', 'GRM', 'ECM', 'ECS', 'ECS2'),
	(30225140, 'JohnsonS@gmail.com', 'Johnson Stanley', 'GRM', 'EFB', 'EEI', 'EEI4'),
	(30225177, 'Amitesh.Bharti@gmail.com', 'Amitesh Bharti', 'DH', 'ECM', 'ECG', 'ECG'),
	(30225195, 'SudheendraHanumant.Naganur@gmail.com', 'Sudheendra Hanumant Naganur', 'DH', 'EFB', 'EEA', 'EEA'),
	(30225220, 'bhaskara.srihari@gmail.com', 'Bhaskara Srihari V', '', 'BSB', 'BSW', 'BSW-COE'),
	(30225239, 'sangeetha.v@gmail.com', 'Sangeetha Vasant', '', 'BSE', 'BSD', 'BSD4'),
	(30225257, 'Nandeesh.UM@gmail.com', 'Nandeesh U M', 'GRM', 'QMM', 'QMM-QAA', 'QMM-QAA1'),
	(30225266, 'Sanjeev.Gondkar@gmail.com', 'Sanjeev Gondkar', 'DH', 'ESV', 'ESB', 'ESB'),
	(30225284, 'Rajasekhar.Subramanya@gmail.com', 'Rajasekhar Subramanya Iyer', 'GRM', 'BPM', 'ICO', 'ICO5'),
	(30225293, 'Mohankumar.RamaIyer@gmail.com', 'Mohan Kumar R', '', 'BSB', 'BSC', 'BSC2'),
	(30225300, 'Butta.RakeshKumar@gmail.com', 'Rakesh Kumar', 'GRM', 'EAE', 'EAP', 'EAP3'),
	(30225319, 'raghuramj@gmail.com', 'Raghuram Joshi M', '', 'BSB', 'BSW', 'BSW'),
	(30225346, 'mathew.ng@gmail.com', 'Mathew N G', '', 'BSS', 'BSL', 'BSL2'),
	(30225355, 'Rajesh.ErodeShankar@gmail.com', 'Rajesh E S', '', 'BSB', 'BSC', 'BSC'),
	(30225382, 'Rajesha.C@gmail.com', 'Rajesha Chitrapadi', 'DH', 'ESV', 'ESA', 'ESA'),
	(30225426, 'Deepak.Belvadi@gmail.com', 'Deepak Belvadi', 'GRM', 'EFB', 'EEV', 'EEV2'),
	(30225435, 'Arun.Shankar@de.bosch.com', 'Arun Shankar K', '', 'BSB', 'BSO', 'BSO3'),
	(30225444, 'NagendraKumar.S@gmail.com', 'Nagendra Kumar S', 'GRM', 'BPM', 'DBE', 'DBE2'),
	(30225453, 'Sudhakar.Kandi@gmail.com', 'Sudhakar Kandi', 'GRM', 'P', 'ILC', 'ILC'),
	(30225480, 'Tejomurthy.Jogikalmath@gmail.com', 'Tejomurthy Jogikalmath', 'GRM', 'ECN', 'EIA', 'EIA2'),
	(30225505, 'Jaishankar.Rajendran@gmail.com', 'Jaishankar Rajendran', 'GRM', 'EBT', 'EBB', 'EBB2'),
	(30225569, 'thipperudraswamy.m@gmail.com', 'Thipperudra Swamy M', '', 'BSB', 'BSO', 'BSO'),
	(30225603, 'Veena.MahadevappaBangalore@gmail.com', 'Veena Mahadevappa Bangalore', 'GRM', 'EBT', 'EMT', 'EMT4'),
	(30225649, 'Koshy.Benny@gmail.com', 'Koshy Benny', 'DH', 'ECN', 'ETP', 'ETP'),
	(30225676, 'Dinesh.RoyLekshmanan@gmail.com', 'Dinesh Roy Lekshmanan', 'DH', 'EAE', 'EAP', 'EAP'),
	(30225685, 'ravinder.goud@gmail.com', 'Ravinder Goud Katta', '', 'BSS', 'BSR', 'BSR1'),
	(30225710, 'Santhanalakshmi.P@gmail.com', 'Santhanalakshmi P', 'GRM', 'ECE', 'EJB', 'EJB1'),
	(30225729, 'VasanthaKumar.N@gmail.com', 'Vasantha Kumar Narayan', 'DH', 'ETI', 'ETM', 'ETM'),
	(30225881, 'Gayathri.V@gmail.com', 'Gayathri V', 'GRM', 'ECM', 'ECA', 'ECA2'),
	(30225890, 'VenkataSubramanian.AlavanasoorVenkatakrishnan@gmail.com', 'Subramanian A V V', '', 'BSS', 'BSH', 'BSH1'),
	(30225952, 'Padmini.NS@gmail.com', 'Padmini Navalgund', 'GRM', 'ESV', 'ESD', 'ESD5'),
	(30225961, 'Santhosh.Kolake@gmail.com', 'Santhosh Kolake Rajendra', 'GRM', 'EFB', 'EEX', 'EEX2'),
	(30226005, 'Surajit.Basak@gmail.com', 'Surajit Basak', 'GRM', 'ECX', 'EEN', 'EEN4'),
	(30226014, 'Manjula.Divakar@gmail.com', 'Manjula Divakar', 'GRM', 'ECX', 'EEB', 'EEB2'),
	(30226023, 'Anant.Prasad@gmail.com', 'Anant Prasad', 'GRM', 'EFB', 'EES', 'EES2'),
	(30226050, 'Shamin.Dudu@gmail.com', 'SHAMIN DUDU', 'DH', 'ENE', 'EEH', 'EEH'),
	(30226069, 'John.Lyster@gmail.com', 'Lyster John Nayagam', 'DH', 'ECW', 'EEP', 'EEP'),
	(30226087, 'SaghaiDenis.Stanley@gmail.com', 'Saghai Denis Stanley', 'GRM', 'ECM', 'ECP', 'ECP3'),
	(30226096, 'Saraswathi.VR@gmail.com', 'Saraswathi V R', '', 'BSB', 'BSO', 'BSO2'),
	(30226103, 'Manikandan.P@gmail.com', 'Manikandan Palanimuthu', 'DH', 'ECX', 'EHV', 'EHV'),
	(30226121, 'Azarudeen.MJ@gmail.com', 'Azarudeen M J', 'GRM', 'EBT', 'ETB', 'ETB1'),
	(30226130, 'Guruprasad.S@gmail.com', 'Guruprasad Seetharamaiah', 'DH', 'EBT', 'ETT', 'ETT'),
	(30226176, 'Periyanayagam.R@gmail.com', 'Periyanayagam', '', 'BSB', 'BSC', 'BSC1'),
	(30226185, 'Satish.BhomenahalliDyavegowda@gmail.com', 'Satish Bhomenahalli Dyavegowda', 'GRM', 'ECM', 'ECP', 'ECP2'),
	(30226201, 'Dharmananda.SheshacharManjunatha@gmail.com', 'Dharmananda Sheshachar Manjunatha', 'GRM', 'ECM', 'ECV', 'ECV2'),
	(30226210, 'Subbaramu.G@gmail.com', 'Subbaramu G', 'DH', 'EBT', 'EBB', 'EBB'),
	(30226265, 'chandar.thirumalai@gmail.com', 'Chandar Thirumalai', 'DH', 'EFB', 'EET', 'EET'),
	(30226274, 'narasimhan.s@gmail.com', 'Narasimhan S', '', 'BSS', 'BSN', 'BSN4'),
	(30226381, 'girish.vr@gmail.com', 'Girish Vaman Rao', 'GRM', 'EBT', 'ETA', 'ETA2'),
	(30226407, 'Saiju.S@gmail.com', 'Saiju V S', 'DH', 'ECM', 'ECA', 'ECA'),
	(30226416, 'Sathyanarayana.thondebhavikrishnasastry@gmail.com', 'Sathyanarayana Thondebhavi Krishna Sastr', 'BU', 'HRL', 'HRL', 'HRL'),
	(30226452, 'Sivakumar.R2@gmail.com', 'Sivakumar Rajagopal', 'GRM', 'EAE', 'EAP', 'EAP5'),
	(30226470, 'Pramod.SameerKumarJoshi@gmail.com', 'Pramod Sameer Kumar Joshi', 'GRM', 'ECM', 'ECG', 'ECG3'),
	(30226522, 'Suresh.Challa@gmail.com', 'Suresh Challa', 'DH', 'NE1', 'EPQ', 'EPQ'),
	(30226586, 'Ramakrishna.Kumar@gmail.com', 'Ramakrishna Kumar Pemmaraju', 'DH', 'EFB', 'EES', 'EES'),
	(30226595, 'Rajesha.Maiyya@gmail.com', 'Rajesha Maiyya', 'GRM', 'ECX', 'EEC', 'EEC2'),
	(30226602, 'Srinivasulu.NasamSubramanyam@gmail.com', 'Srinivasulu N S', '', 'BSB', 'BSW', 'BSW1'),
	(30226648, 'hemanth.pradeep@gmail.com', 'Hemanth Pradeep J P', '', 'BSS', 'BSL', 'BSL3'),
	(30226675, 'Madhavi.K@gmail.com', 'Madhavi Kattishetti', 'GRM', 'NE1', 'EPQ', 'EPQ1'),
	(30226684, 'Kailasam.PK@gmail.com', 'Kailasam P K', 'GRM', 'ESV', 'ESD', 'ESD2'),
	(30226700, 'Gururaj.bhat@gmail.com', 'Gururaj B V', '', 'BSB', 'BSO', 'BSO4'),
	(30226773, 'AshwinKumar.DK@gmail.com', 'Ashwin Kumar D K', 'GRM', 'EFB', 'EEA', 'EEA3'),
	(30226826, 'Rao.Girish@gmail.com', 'Girish Rao', 'GRM', 'EBT', 'ETA', 'ETA3'),
	(30226862, 'Preeti.Phatnani@gmail.com', 'Preeti Phatnani', 'GRM', 'ENE', 'EED', 'EED5'),
	(30226871, 'Nagaraj.N@gmail.com', 'NAGARAJ NARAYANA', 'GRM', 'ECN', 'EST', 'EST2'),
	(30226933, 'Sripriya.s@gmail.com', 'Sripriya Soundararajan', 'GRM', 'EBT', 'ETT', 'ETT5'),
	(30227004, 'Biju.TK@gmail.com', 'Biju T K', 'GRM', 'ECE', 'EMR', 'EMR4'),
	(30227077, 'Sridhar.bs@gmail.com', 'Sridhar B S', 'GRM', 'ECM', 'ECV', 'ECV1'),
	(30227166, 'Anil.GunvantraoBiradar@gmail.com', 'Anil Gunvantrao Biradar', 'GRM', 'ECX', 'EEB', 'EEB1'),
	(30227175, 'Rajesh.tr@gmail.com', 'Rajesh T R', 'GRM', 'EAE', 'EAP', 'EAP1'),
	(30227219, 'Ekantharajan.AC@gmail.com', 'Ekantharajan A C', 'GRM', 'EFB', 'EEI', 'EEI3'),
	(30227228, 'padma.neela@gmail.com', 'Padma Neela J', '', 'BSE', 'BSM', 'BSM'),
	(30227308, 'Soj.Thomas@gmail.com', 'Soj Thomas', 'DH', 'ECM', 'ECM', 'ECM'),
	(30227317, 'Prashantha.GK@gmail.com', 'Prashantha G K', 'GRM', 'EFB', 'EEI', 'EEI2'),
	(30227344, 'Prakash.Verma@gmail.com', 'Prakash Verma', 'GRM', 'ECN', 'EAA', 'EAA1'),
	(30227362, 'Santosh.SG@gmail.com', 'Santosh S G', 'GRM', 'ECX', 'EEB', 'EEB3'),
	(30227424, 'Deepa.S@gmail.com', 'Deepa Raghavendra', 'GRM', 'ECX', 'EDT', 'EDT1'),
	(30227442, 'Sudarshan.BhatMoodakare@gmail.com', 'Sudarshan Bhat Moodakare', 'GRM', 'ECX', 'EDT', 'EDT3'),
	(30227497, 'Rahul.Manohar@gmail.com', 'Rahul Manohar', 'GRM', 'ECW', 'EEP', 'EEP2'),
	(30227558, 'Jaiprakash.Nataraj@gmail.com', 'Jaiprakash Nataraj', 'GRM', 'ECM', 'ECF', 'ECF3'),
	(30227576, 'Vikas.Humpli@gmail.com', 'Vikas Humpli', 'DH', 'FC', 'CTG', 'CTG'),
	(30227594, 'Asha.Gadale@gmail.com', 'Asha Pathki', 'GRM', 'ECX', 'EDT', 'EDT4'),
	(30227638, 'Suganya.S@gmail.com', 'Suganya Subburaj', 'DH', 'ENE', 'EEM', 'EEM'),
	(30227683, 'Soumitra.Ghosh@gmail.com', 'Soumitra Ghosh', 'GRM', 'ECW', 'EPB', 'EPB3'),
	(30227745, 'Shailesh.Jorkar@de.bosch.com', 'Shailesh Jorkar', 'GRM', 'ENE', 'EEJ', 'EEJ2'),
	(30227781, 'Dattatraya.Kurade@gmail.com', 'Dattatraya Ramchandra Kurade', 'DH', 'ENE', 'EED', 'EED'),
	(30227834, 'Ramani.R@gmail.com', 'Ramani Radhakrishnan', 'GRM', 'ESV', 'ESF', 'ESF1'),
	(30227987, 'Divakar.AR@gmail.com', 'Divakar A R', 'GRM', 'ESV', 'ESB', 'ESB1'),
	(30228012, 'Sarita.B@gmail.com', 'Sarita Bhaskaran', 'GRM', 'EFB', 'EEA', 'EEA1'),
	(30228030, 'Ramesh.HT@gmail.com', 'Ramesh Hosakoppa Thirthappa', 'GRM', 'CI/ISY-IN', 'CI/FSR-IN', 'CI/FSR-IN'),
	(30228076, 'Ravichandra.Bhat@gmail.com', 'Ravichandra Bhat', 'GRM', 'ECN', 'ETP', 'ETP3'),
	(30228263, 'Sumitkumar.V@gmail.com', 'Sumit Kumar Vatsa', 'GRM', 'EAE', 'EAP', 'EAP2'),
	(30228281, 'Ramakrishna.D@gmail.com', 'Ramakrishna Donakonda', 'DH', 'EFB', 'EFB', 'EFB'),
	(30228334, 'prakash.k@gmail.com', 'Prakash Kingston Rajadurai John Sunderaraj', '', 'BSB', 'BSW', 'BSW3'),
	(30228414, 'Arikrishnan.S@gmail.com', 'Arikrishnan Subramanian', 'GRM', 'EFB', 'EEV', 'EEV3'),
	(30228487, 'Balaji.Sethuraman@gmail.com', 'Balaji Sethuraman', 'GRM', 'ECX', 'EEC', 'EEC1'),
	(30228762, 'vinod.kumarv@gmail.com', 'Vinod Kumar Vasudevan', '', 'BSB', 'BSW', 'BSW4'),
	(30228780, 'Nandini.P@gmail.com', 'Nandini P', 'GRM', 'ECN', 'ETP', 'ETP4'),
	(30228806, 'HareeshaNarayana.Shirankallu@gmail.com', 'Hareesha Narayana Shirankallu', 'GRM', 'EAE', 'EAX', 'EAX1'),
	(30228824, 'Amit.Acharya@gmail.com', 'Amit Acharya', 'GRM', 'ECM', 'ECG', 'ECG2'),
	(30228940, 'Ramesh.Ramanujam@gmail.com', 'Ramesh Ayyappanaidu Ramanujam', 'GRM', 'ESV', 'ESE', 'ESE3'),
	(30228968, 'Dhamotharan.RajanBabu@gmail.com', 'Dhamotharan RajanBabu', 'GRM', 'ECE', 'EJA', 'EJA3'),
	(30229164, 'Gobinaath.Thiruppathy@gmail.com', 'Gobinaath Thiruppathy', 'GRM', 'ECM', 'ECV', 'ECV3'),
	(30229299, 'Senthil.G@gmail.com', 'Senthil Govindachetty', 'GRM', 'ECM', 'ECT', 'ECT2'),
	(30229360, 'Gauthaman.B@gmail.com', 'Gauthaman Balasubramanian', 'GRM', 'ENE', 'EEH', 'EEH1'),
	(30229379, 'KrishnaMurthy.CN@gmail.com', 'Krishna Murthy C N', 'GRM', 'ESV', 'ESD', 'ESD3'),
	(30229422, 'Santhosh.S@gmail.com', 'Santhosh Subbarao', 'GRM', 'ESV', 'ESP', 'ESP3'),
	(30229440, 'Praseetha.P@gmail.com', 'Praseetha Pushpangadan', 'GRM', 'EFB', 'EES', 'EES1'),
	(30229459, 'Umesh.Thampan@gmail.com', 'Umesh Thampan', 'GRM', 'ESV', 'ESB', 'ESB6'),
	(30229547, 'ManoharSreenivas.Esarapu@gmail.com', 'Manohar Srinivas Esarapu', '', 'BSS', 'BSR', 'BSR2'),
	(30229654, 'Mantosh.Kumar@gmail.com', 'Mantosh Kumar', 'GRM', 'ECE', 'EJA', 'EJA2'),
	(30229690, 'Latha.C@gmail.com', 'Latha Chembrakalam', 'SH', 'EFB', 'EFB', 'EFB'),
	(30229752, 'Yogesh.GR@gmail.com', 'Yogesh Gollahalli Rajashekar', 'GRM', 'EBT', 'EBB', 'EBB3'),
	(30229761, 'Chandrashekar.Madappa@gmail.com', 'Chandrashekar Madappa', 'GRM', 'ENM', 'ENC', 'ENC2'),
	(30229814, 'Sheshashai.SowmyaChennagiri@gmail.com', 'Sheshashai Sowmya Chennagiri', 'GRM', 'EBT', 'ETT', 'ETT3'),
	(30229823, 'PradeepKumar.Keloth@gmail.com', 'Pradeep Kumar Keloth', 'DH', 'EFB', 'EEI', 'EEI'),
	(30229958, 'Tridib.Mondal@gmail.com', 'Tridib Nath Mondal', 'GRM', 'EFB', 'EET', 'EET3'),
	(30230081, 'Pramod.Tambe@gmail.com', 'Pramod Tambe', 'GRM', 'ESV', 'ESB', 'ESB2'),
	(30230161, 'Anand.Pasoria@gmail.com', 'Anand Pasoria', 'GRM', 'ESV', 'ESC', 'ESC1'),
	(30230214, 'Dheeraj.V@gmail.com', 'Dheeraj Venkat', 'GRM', 'ESV', 'ESB', 'ESB3'),
	(30230223, 'sawan.gupta@gmail.com', 'Sawan Gupta', '', 'BSS', 'BSL', 'BSL'),
	(30230232, 'Manikkanddan.KE@gmail.com', 'Manikkanddan Easwaran', 'GRM', 'HRL', 'HRL-Cob', 'HRL-Cob1'),
	(30230269, 'Krishnamoorthy.L@de.bosch.com', 'Krishnamoorthy Lakshminarayanan', 'GRM', 'ECW', 'EDA', 'EDA3'),
	(30230376, 'Varaprasad.N@gmail.com', 'Varaprasad Nallangi', 'GRM', 'ECX', 'EDT', 'EDT2'),
	(30230401, 'Murugavel.C@gmail.com', 'Murugavel C', '', 'BSB', 'BSC', 'BSC3'),
	(30230429, 'Karthikeyan.D@gmail.com', 'Karthikeyan Devaraj', 'GRM', 'ECW', 'EDA', 'EDA5'),
	(30230447, 'Vijayalakshmi.K@gmail.com', 'Vijayalakshmi Kashyap', 'GRM', 'EFB', 'EEI', 'EEI1'),
	(30230456, 'Vijaykumar.R@gmail.com', 'Vijaykumar Ramalingam', 'DH', 'ENM', 'ENB', 'ENB'),
	(30230928, 'Parag.Bhide@gmail.com', 'Parag Bhide', '', 'BSB', 'BSO', 'BSO1'),
	(30230991, 'Murali.Krishna2@gmail.com', 'Murali Krishna Sunapu', 'GRM', 'ENE', 'EEH', 'EEH2'),
	(30231115, 'Swaroop.Kunja@gmail.com', 'Swaroop Kunja', 'GRM', 'BPM', 'ICO', 'ICO4'),
	(30231197, 'Hareesha.Talapady@gmail.com', 'Hareesha Talapady', 'GRM', 'ESV', 'ESE', 'ESE2'),
	(30231286, 'Nusrat.Bano@gmail.com', 'Nusrat Bano', 'GRM', 'ECM', 'ECS', 'ECS3'),
	(30231311, 'Suraj.Krishnaraj@gmail.com', 'Suraj Krishnaraj', 'GRM', 'EBT', 'ETA', 'ETA6'),
	(30231348, 'Aravind.Raghavendran@gmail.com', 'Aravind Raghavendran', 'GRM', 'ECX', 'EDT', 'EDT5'),
	(30231393, 'Sheela.Thimmappa@gmail.com', 'Sheela Thimmappa', 'GRM', 'EBT', 'ETT', 'ETT6'),
	(30231507, 'Ajith.G@gmail.com', 'Ajith Gopakumar', 'GRM', 'ECM', 'ECI', 'ECI5'),
	(30231525, 'Kishore.Shetty@gmail.com', 'Kishore Kumar Shetty', '', 'BSB', 'BSO', 'BSO'),
	(30231589, 'Aravind.Raman@gmail.com', 'Raman Aravind', 'DH', 'ENM', 'END', 'END'),
	(30232347, 'Maxmelbin.Neson@gmail.com', 'Maxmelbin Neson', 'GRM', 'EBT', 'ETB', 'ETB4'),
	(30232560, 'Prakash.Shetty@gmail.com', 'Prakash Shetty', 'GRM', 'ENE', 'EEM', 'EEM4'),
	(30232800, 'Ajith.A@gmail.com', 'Ajith Ajith', 'GRM', 'ESV', 'ESA', 'ESA2'),
	(30232837, 'Lakshmikantha.MR@gmail.com', 'Lakshmikantha Mattur Ramanarayana', 'GRM', 'HRL', 'HRL-Cob', 'HRL-Cob2'),
	(30232926, 'Aruna.C@gmail.com', 'Aruna Chandrashekaran', 'GRM', 'ESV', 'ESP', 'ESP1'),
	(30232953, 'deba.prasad@gmail.com', 'Deba Prasad Tripathy', '', 'BSB', 'BSW', 'BSW2'),
	(30233382, 'Senthilkumar.P@gmail.com', 'Senthilkumar Palaniswamy', 'GRM', 'ESV', 'ESC', 'ESC2'),
	(30233480, 'Venkatesan.P@gmail.com', 'Venkatesan Parthasarathy', 'GRM', 'ECW', 'EEG', 'EEG4'),
	(30233667, 'Binesh.M@gmail.com', 'Binesh Mundontavida', 'GRM', 'ECN', 'ETP', 'ETP1'),
	(30233729, 'syam.sundar@gmail.com', 'Syam Sundar S', '', 'BSE', 'BSA', 'BSA3'),
	(30233792, 'Pracheth.Rao@gmail.com', 'Pracheth Hanumantha Rao', 'GRM', 'ESV', 'ESB', 'ESB4'),
	(30234229, 'Jeejo.PuthukattukaranOuseph@gmail.com', 'Jeejo Puthukattukaran Ouseph', 'GRM', 'EFB', 'EEX', 'EEX3'),
	(30234568, 'Prasanna.CoimbatorePadmanabhan@gmail.com', 'Prasanna Coimbatore Padmanabhan', 'GRM', 'ENM', 'ENM', 'ENM-EGP'),
	(30235745, 'rajeev.devasthali@gmail.com', 'Rajeev Shreeram Devasthali', '', 'BSV', 'BSV', 'BSV'),
	(30235852, 'Janardhan.PandramajaluJanardhanRanganath@gmail.com', 'Janardhan Pandramajalu Janardhan Rangana', 'GRM', 'FC', 'FCM', 'FCM2'),
	(30236307, 'Ravi.MALLIAH@gmail.com', 'Ravi MALLIAH', 'GRM', 'ENM', 'ENA', 'ENA2'),
	(30236370, 'sujith.ramarao@gmail.com', 'Sujit Ramarao Madhavarao', '', 'BSE', 'BSP', 'BSP'),
	(30236450, 'RADHAKRISHNA.VEERARAGHAVAN@gmail.com', 'RADHAKRISHNA VEERARAGHAVAN', 'GRM', 'FC', 'FCM', 'FCM4'),
	(30236897, 'Prakash.Tallapragada@gmail.com', 'Prakash Tallapragada', 'GRM', 'ECN', 'EIA', 'EIA1'),
	(30236922, 'Sheshu.Narayan@gmail.com', 'Sheshu Narayan', 'GRM', 'FC', 'FCM', 'FCM3'),
	(30236977, 'Sreejith.r@gmail.com', 'Sreejith Radhakrishna Pillai', 'DH', 'ECM', 'ECI', 'ECI'),
	(30237155, 'Ramesh.AV@gmail.com', 'Ramesh Anantha Vijayan', 'GRM', 'ECN', 'ETP', 'ETP2'),
	(30237486, 'Manikandan.Ns@gmail.com', 'Manikandan Natarajan Seevanandhan', 'GRM', 'ESV', 'ESZ', 'ESZ2'),
	(30237734, 'Shafi.A@gmail.com', 'Shafi Abdul Kuthus', 'GRM', 'FC', 'CP/PIR2-IN', 'CP/PIR23-IN'),
	(30237743, 'Abhimanyu.Chettri@gmail.com', 'Abhimanyu Chettri', 'GRM', 'COR', 'CP/TRA-IN', 'CP/TRA-IN'),
	(30238430, 'Amit.Sharma@gmail.com', 'Amit Sharma', 'GRM', 'FC', 'FC', 'PUR-INS'),
	(30238868, 'Raghuprasad.Ma@gmail.com', 'Raghuprasad M A', 'DH', 'ENM', 'ENA', 'ENA'),
	(30239572, 'Ashwin.Shetty@gmail.com', 'Ashwin Shetty', 'GRM', 'ECM', 'ECP', 'ECP1'),
	(30239705, 'Varun.Suri@gmail.com', 'Varun Suri', 'GRM', 'ECN', 'EAA', 'EAA2'),
	(30240169, 'R.Ramesh@gmail.com', 'Ramesh Ramanna', 'DH', 'FC', 'FCM', 'FCM'),
	(30240445, 'Basavaraj.S@gmail.com', 'Basavaraj Sharanabasappa', 'GRM', 'ECM', 'ECI', 'ECI4'),
	(30240533, 'Muthuvelavan.Natarajan@gmail.com', 'Muthuvelavan Natarajan', 'GRM', 'ECM', 'ECT', 'ECT3'),
	(30240917, 'sukesh.menon@gmail.com', 'Sukesh Menon G', '', 'BSE', 'BSA', 'BSA'),
	(30241211, 'Jeyanthi.Srinivasan@gmail.com', 'Jeyanthi Srinivasan', 'GRM', 'HRL', 'HRL-TD', 'HRL-TD3'),
	(30241417, 'arunkumar.l@gmail.com', 'Arun Kumar L', '', 'BSE', 'BSA', 'BSA'),
	(30242693, 'Sanoj.Somasundaran@gmail.com', 'SANOJ SOMASUNDARAN', 'DH', 'ENE', 'EEF', 'EEF'),
	(30242915, 'Neena.Paramba@gmail.com', 'Neena Paramba', 'GRM', 'ENE', 'EEJ', 'EEJ1'),
	(30244334, 'Vivek.Kadal2@de.bosch.com', 'Vivek Kadal', 'GRM', 'SAM', 'SAM', 'SAM-MKT'),
	(30244753, 'Sammit.Sardesai@gmail.com', 'Sammit Sardesai', 'GRM', 'ENE', 'EED', 'EED1'),
	(30244940, 'Pavithra.N@gmail.com', 'Pavithra Natarajan', 'GRM', 'ECW', 'EDA', 'EDA2'),
	(30244986, 'Vijay.Ratnaparkhe@gmail.com', 'Vijay Ratnaparkhe', 'ALL', 'P', 'P', 'P'),
	(30245217, 'Sivaramakrishnan.Seetharaman@gmail.com', 'Sivaramakrishnan Seetharaman', 'GRM', 'ECM', 'ECA', 'ECA3'),
	(30245379, 'surya.prakash@gmail.com', 'Surya Prakasa Rao Kotha', '', 'BSS', 'BSL', 'BSL1'),
	(30245529, 'AmitKumar.Deswal@gmail.com', 'Amit Kumar', 'DH', 'ECX', 'EEC', 'EEC'),
	(30246449, 'pratheep.chanther@gmail.com', 'Pratheep Chanther Thiruvenkadam', '', 'BSE', 'BSM', 'BSM1'),
	(30246868, 'Raghu.Raman@gmail.com', 'Raghu Raman', 'GRM', 'FC', 'FC', 'LOG1'),
	(30246911, 'NandaKumar.Sivashanmugam@gmail.com', 'Nanda Kumar Sivashanmugam', 'GRM', 'ENE', 'EEM', 'EEM3'),
	(30247439, 'Deepa.Sreejith@gmail.com', 'Deepa Sreejith', '', 'BSB', 'BSB-SQM', 'BSB-SQM'),
	(30247769, 'rajesh.babu@gmail.com', 'Rajesh Babu N', '', 'BSE', 'BSD', 'BSD'),
	(30247983, 'rajagopal.r@gmail.com', 'Rajagopal R', '', 'BSE', 'BSM', 'BSM'),
	(30248018, 'syed.yousuff@gmail.com', 'Syed Yousuff', '', 'BSS', 'BSH', 'BSH2'),
	(30248410, 'Chandrasekhar.Mylavarapu@gmail.com', 'Chandrasekhar Mylavarapu', 'GRM', 'FC', 'CTG', 'CTG2'),
	(30248571, 'philips.dayanidhi@gmail.com', 'Maria Philips Dayanidhi', '', 'BSS', 'BSI', 'BSI'),
	(30249507, 'Renjith.Balan@gmail.com', 'Renjith Balan', 'GRM', 'ENE', 'EEF', 'EEF3'),
	(30249767, 'arun.rao@gmail.com', 'Arun Kumar Rao', '', 'BSS', 'BSI', 'BSI4'),
	(30249810, 'Muralidharan.N@gmail.com', 'Muralidharan Natarajan', 'DH', 'FC', 'FIN', 'FIN'),
	(30250692, 'Ravikumar.u@gmail.com', 'Ravikumar U', '', 'BSE', 'BSE-SQM', 'BSE-SQM'),
	(30250736, 'Lakshmikanth.G@gmail.com', 'Lakshmikanth Garudappagari', 'GRM', 'ENE', 'EEM', 'EEM2'),
	(30251129, 'Athul.Rao@gmail.com', 'Athul B N', '', 'BSS', 'BSR', 'BSR3'),
	(30252002, 'Srijith.Thattari@gmail.com', 'Srijith Thattari', 'GRM', 'ECE', 'EME', 'EME1'),
	(30252066, 'Srikanth.Hande@gmail.com', 'Srikantha Hande', 'GRM', 'ECE', 'EME', 'EME3'),
	(30253261, 'Purushothaman.Ranganathan@gmail.com', 'Purushothaman Ranganathan', 'GRM', 'ENM', 'END', 'END1'),
	(30253458, 'Gnana.Kumar@gmail.com', 'Swamy Gnana Kumara', 'GRM', 'EBT', 'ETA', 'ETA5'),
	(30254448, 'Subbaraman.Ramachandran2@de.bosch.com', 'Subbaraman R', 'GRM', 'ECX', 'EHV', 'EHV2'),
	(30254572, 'Raj.Palathingal@gmail.com', 'Raj Palathingal', 'GRM', 'EAE', 'EAP', 'EAP6'),
	(30255919, 'Hari.Sethuraman@gmail.com', 'Hariharan Sethuraman', 'GRM', 'ECX', 'EEC', 'EEC4'),
	(30256838, 'Arun.Rajarathinam@gmail.com', 'Arun Rajarathinam', 'GRM', 'ESV', 'ESC', 'ESC3'),
	(30257588, 'Rohit.Nayak@gmail.com', 'Rohit Nayak', 'GRM', 'EAE', 'EAX', 'EAX2'),
	(30257908, 'Venkatesh.Naik@gmail.com', 'Venkatesh Naik', 'GRM', 'ECN', 'EST', 'EST3'),
	(30257944, 'Tarang.Garg@gmail.com', 'Tarang Garg', 'GRM', 'ESV', 'ESD', 'ESD1'),
	(30261074, 'Navanithan.gnanasekaran@gmail.com', 'Navanithan K G', 'GRM', 'ECE', 'EMR', 'EMR1'),
	(30262206, 'Balaji.Srinivasan1@gmail.com', 'Balaji Srinivasan', 'GRM', 'ENE', 'EEH', 'EEH3'),
	(30262340, 'Guruprasad.Mudlapur@gmail.com', 'Guruprasad Mudlapur', 'SH', 'ENE', 'ENE', 'ENE'),
	(30262563, 'Vaidyaraman.V@gmail.com', 'Vaidyaraman V V', 'GRM', 'ENM', 'END', 'END2'),
	(30262634, 'Sanjeev.Sharma2@gmail.com', 'Sanjeev Sharma', 'GRM', 'CI/ISY-IN', 'CI/BPR-IN', 'CI/BPR2-IN'),
	(30262652, 'fixed-term.Kanchepalli.Lokesh@gmail.com', 'Lokesh K', 'GRM', 'FC', 'FCM-COB', 'FCM2-COB'),
	(30262858, 'Eagappan.Palaniappan@gmail.com', 'Palaniappan E', 'GRM', 'ECW', 'EPV', 'EPV5'),
	(30264570, 'Ajayakumar.KuricalKandi@gmail.com', 'Ajayakumar Kurical Kandi', 'DH', 'HRL', 'HRL-BP1', 'HRL-BP1'),
	(30264749, 'Kumaran.Balavelayudham@gmail.com', 'Kumaran Balavelayudham', 'DH', 'ECW', 'EDA', 'EDA'),
	(30266300, 'Anitha.J@gmail.com', 'Anitha Jayapal', 'DH', 'HRL', 'HRL-Cob', 'HRL-Cob'),
	(30268996, 'Girish.Haritz@gmail.com', 'Girish Haritz', 'GRM', 'ENM', 'ENC', 'ENC4'),
	(30274024, 'Rajesh.PuthenpuraKrishnanNair@gmail.com', 'Rajesh Puthenpura Krishnan Nair', 'GRM', 'QMM', 'QMM-PEA', 'QMM-PEA2'),
	(30274079, 'Srihari.Dhati@de.bosch.com', 'Srihari Mandyam Dhati', 'GRM', 'ENM', 'ENA', 'ENA1'),
	(30274202, 'shankardatta.msh@gmail.com', 'Msh Shankardatta', '', 'BSB', 'BSB', 'BSB'),
	(30276718, 'Achyuthan.Ramawarrier@gmail.com', 'Achyuthan Rama Warrier', 'GRM', 'ESV', 'ESZ', 'ESZ1'),
	(30281873, 'Mohanraj.Natarajan@gmail.com', 'Mohanraj Natarajan', 'GRM', 'ESV', 'ESE', 'ESE1'),
	(30283381, 'shaileshkumar.goel@gmail.com', 'Shailesh Kumar Goel', '', 'BSE', 'BSD', 'BSD2'),
	(30286887, 'Harsha.Angeri@gmail.com', 'Harsha Ramesh Angeri', 'DH', 'P', 'BUD', 'BUD'),
	(30286912, 'Sukanta.Mohapatra2@gmail.com', 'Sukanta Mohapatra', 'DH', 'ECW', 'EEG', 'EEG'),
	(30292843, 'parthasarathy.kannan@gmail.com', 'Parthasarathy Kannan', '', 'BSB', 'BSO', 'BSO'),
	(30292978, 'Vignesh.Narayan@gmail.com', 'Vignesh Subramaniam Narayan', 'GRM', 'ECX', 'EEN', 'EEN3'),
	(30293030, 'MageshKumar.Palanisamy@gmail.com', 'Magesh Kumar Palanisamy', 'GRM', 'FC', 'FCM-COB', 'FCM1-COB'),
	(30293940, 'leo.michael@gmail.com', 'Leo Michael', 'ALL', 'BSB', 'BSO', 'BSO2'),
	(30298650, 'mohankumar.kandhasamy@gmail.com', 'Mohankumar Kandhasamy', 'ALL', 'BSB', 'BSO', 'BSO2'),
	(30299631, 'Subramanian.Chidambaram@gmail.com', 'Subramanian Chidambaram', 'GRM', 'ENE', 'EED', 'EED3'),
	(30300291, 'Anoop.Balachandran@gmail.com', 'Anoop Balachandran', '', 'BSV', 'BSV', 'BSV'),
	(30300852, 'reona.rajan@gmail.com', 'Reona Rajan', '', 'BSE', 'BSM', 'BSM1'),
	(30313081, 'nalini.chinnakulandai@gmail.com', 'Nalini Chinnakulandai', '', 'BSS', 'BSH', 'BSH'),
	(30317078, 'Sudarshana.Shivapura@gmail.com', 'Sudarshana Shivapura', 'GRM', 'EFB', 'EEA', 'EEA2'),
	(30318415, 'mallikarjuna.bavanasi@gmail.com', 'Mallikarjuna Bavanasi', '', 'BSS', 'BSI', 'BSI2'),
	(30318905, 'Rekha.Varma@gmail.com', 'Rekha Varma', 'GRM', 'ECW', 'EPV', 'EPV3'),
	(30320956, 'Harsha.Bagur@gmail.com', 'Harsha Bagur Venkataramaiah', 'GRM', 'ECM', 'ECS', 'ECS1'),
	(30322758, 'Shunmugasundaram.Nellaiyappan@gmail.com', 'Shunmuga Sundaram Nellaiyappan', 'GRM', 'EFB', 'EEX', 'EEX1'),
	(30342479, 'Madhavi.Mohan@gmail.com', 'Madhavi Mohan', 'GRM', 'EFB', 'EEX', 'EEX4'),
	(30343138, 'Vijayakumar.Nachimuthu@gmail.com', 'Vijayakumar Nachimuthu', 'GRM', 'EBT', 'EMT', 'EMT5'),
	(30345225, 'Meenu.Sachdeva@gmail.com', 'Meenu Sachdeva', 'GRM', 'ECE', 'EJB', 'EJB3'),
	(30345305, 'Murulidhara.H@gmail.com', 'Murulidhara H', '', 'BSP', 'BSP-FPQA', 'BSP-FPQA'),
	(30347740, 'Ramakrishnan.Bose@gmail.com', 'Ramakrishnan Bose', 'GRM', 'ECN', 'EST', 'EST5'),
	(30352163, 'Mohan.Krishnaswamy@gmail.com', 'Mohan Krishnaswamy', 'GRM', 'ENE', 'EEF', 'EEF2'),
	(30356686, 'Palanirajan.N@gmail.com', 'Palanirajan Nakkeeran', 'GRM', 'FC', 'CP/PIR2-IN', 'CP/PIR21-IN'),
	(30362394, 'Ganesh.Sethuraman@gmail.com', 'Ganesh Sethuraman', 'GRM', 'ENE', 'EEM', 'EEM1'),
	(30368138, 'PrashanthaNR.Rao@gmail.com', 'Prashantha N R Rao', 'ALL', 'QMM', 'QMM-QAB', 'QMM-QAB'),
	(30368405, 'Vasu.Velusamy@gmail.com', 'Vasu Velusamy', 'GRM', 'ECW', 'EPB', 'EPB1'),
	(30373097, 'Aishwarya.ChikkolaVenkateshappa@gmail.com', 'Aishwarya Chikkola Venkateshappa', '', 'QMM', 'QMM-PEA', 'QMM-PEA2'),
	(30377119, 'Lakshminarayan.S@gmail.com', 'Lakshminarayan Shivalingaiah', 'DH', 'ECE', 'EMR', 'EMR'),
	(30383665, 'Pradeep.Joseph@gmail.com', 'Pradeep Joseph', 'GRM', 'ENM', 'ENM', 'ENM-UX'),
	(30383692, 'sudhir.mrao@gmail.com', 'Manchi Sudhir Rao', '', 'BSS', 'BSH', 'BSH3'),
	(30387206, 'Binu.ModoorAbraham@gmail.com', 'Binu Modoor Abraham', 'DH', 'HRL', 'HRL-LD', 'HRL-LD'),
	(30389776, 'Muralidhar.MysoreKrishnamurthy@gmail.com', 'Muralidhar Mysore Krishnamurthy', 'DH', 'ECM', 'ECT', 'ECT'),
	(30392496, 'Martin.Holzmann@gmail.com', 'Martin Holzmann', 'SH', 'EAE', 'EAE', 'EAE'),
	(30393280, 'Sudharshan.BellurSuryanarayana@gmail.com', 'Sudharshan Bellur Suryanarayana', 'GRM', 'EBT', 'ETB', 'ETB3'),
	(30396777, 'Ishwara.AlangarBhat@gmail.com', 'Ishwara Alangar Bhat', 'GRM', 'ESV', 'ESD', 'ESD4'),
	(30397909, 'Preety.Raj@gmail.com', 'Preety Raj', 'DH', 'HRL', 'HRL-BP2', 'HRL-BP2'),
	(30398169, 'basabdatta.bhattacharya@gmail.com', 'Basabdatta Bhattacharya', '', 'BSB', 'BSW', 'BSW'),
	(30401743, 'BinduSantha.Philip@gmail.com', 'Bindu Santha Philip', 'DH', 'EFB', 'EEX', 'EEX'),
	(30404759, 'Soundararajan.Ramachandran@gmail.com', 'Soundararajan Ramachandran', 'GRM', 'ECX', 'EEN', 'EEN1'),
	(30410920, 'lakshmijanardhanrao.kanamarlapudi@gmail.com', 'Lakshmi Janardhana Rao Kanamarlapudi', '', 'BSB', 'BSO', 'BSO'),
	(30465513, 'Ravi.DhanpalKadabi@gmail.com', 'Ravi Dhanpal Kadabi', 'DH', 'ECX', 'EEB', 'EEB'),
	(30465684, 'GopalanVijendran.Venkoparao@gmail.com', 'Gopalan Vijendran Venkoparao', 'SH', 'ETI', 'ETI', 'ETI'),
	(30466077, 'radhika.kundapur@gmail.com', 'Radhika Kundapur', '', 'BSS', 'BSL', 'BSL'),
	(30467478, 'rajib.basu@gmail.com', 'Rajib Basu', '', 'BSE', 'BSA', 'BSA'),
	(30468235, 'Manjunath.NarayanaRao@gmail.com', 'Manjunath Narayana Rao', 'GRM', 'ENE', 'EED', 'EED2'),
	(30470366, 'rajesh.tergaonmunavallidemanna@gmail.com', 'Rajesh Tergaon Munavalli Demanna', '', 'BSB', 'BSC', 'BSC'),
	(30475469, 'Rajdeep.Tyagi@gmail.com', 'Rajdeep Tyagi', 'GRM', 'EBT', 'ETT', 'ETT4'),
	(30476271, 'sheshagiribhaskar.rao@gmail.com', 'Sheshagiri Bhaskar Rao', '', 'BSE', 'BSP', 'BSP1'),
	(30479161, 'sachin.kallur@gmail.com', 'Sachin Kallur', '', 'BSS', 'BSR', 'BSR'),
	(30563211, 'AnjanKumar.Basappa@gmail.com', 'Anjan Kumar', 'DH', 'NE3', 'EGB', 'EGB'),
	(30566539, 'TahsinaJamal.Syed@gmail.com', 'Tahsina Jamal Syed', 'GRM', 'EBT', 'ETA', 'ETA4'),
	(30570613, 'archit.kumar@gmail.com', 'Kumar Archit', '', 'BSB', 'BSC', 'BSC'),
	(30570800, 'geeta.yadav@gmail.com', 'Geeta Yadav', '', 'BSB', 'BSW', 'BSW'),
	(30573362, 'Ulrich.Schirm@gmail.com', 'Ulrich Schirm', 'DH', 'ESV', 'ESD', 'ESD'),
	(30574566, 'Parthasarathy.Shanmugam@gmail.com', 'Parthasarathy Shanmugam', 'GRM', 'ECX', 'EEC', 'EEC3'),
	(30575100, 'anindita.das@gmail.com', 'Anindita Das', '', 'BSS', 'BSN', 'BSN'),
	(30579133, 'rahmatulla.shaikh@gmail.com', 'rahmatulla shaikh', 'ALL', 'BSB', 'BSO', 'BSO3'),
	(30588034, 'Vignesh.Narayan@gmail.com', 'Venu Subramania Iyer', 'GRM', 'ECM', 'ECT', 'ECT1'),
	(30588249, 'Georg.Sandhaus@gmail.com', 'Georg Sandhaus', 'SH', 'ECM', 'ECM', 'ECM'),
	(30599184, 'krishna.kumars@gmail.com', 'Krishnakumar Sthanunathan', '', 'BSE', 'BSP', 'BSP3'),
	(30605934, 'Juergen.Moessinger@gmail.com', 'Juergen Moessinger', 'BU', 'NE3', 'NE3', 'NE3'),
	(30610802, 'Gunasekaran.Dharman@gmail.com', 'Gunasekaran Dharman', 'GRM', 'ECM', 'ECI', 'ECI3'),
	(30789344, 'Amit.Gupta2@gmail.com', 'Amit Gupta', 'DH', 'FC', 'TAX', 'TAX'),
	(30793133, 'murugappan.ramaswamy@gmail.com', 'Murugappan Ramaswamy', '', 'BSE', 'BSA', 'BSA2'),
	(30807805, 'tamalkanti.mukherjee@gmail.com', 'Tamal Kanti Mukherjee', '', 'BSS', 'BSI', 'BSI'),
	(30911880, 'vishwanathas.dharmapala@gmail.com', 'Vishwanatha S Dharmapala', '', 'BSS', 'BSI', 'BSI5'),
	(30980724, 'Puttur.Srivatsa@de.bosch.com', 'Srivatsa Puttur', 'GRM', 'ENE', 'EEF', 'EEF1'),
	(30984935, 'sreelekshmy.sheelarani@gmail.com', 'Sreelekshmy Sheelarani', '', 'BSS', 'BSH', 'BSH'),
	(31002986, 'ArockiaSagayaraj.David@gmail.com', 'Arockia Sagayaraj David', 'GRM', 'ECM', 'ECI', 'ECI6'),
	(31020886, 'AmitKumar.Srivastava@gmail.com', 'Amit Kumar Srivastava', 'DH', 'SAM', 'SAM-AP', 'SAM-AP'),
	(31048553, 'AbhijeetKumar.KrishnaKumar@gmail.com', 'Krishna A', 'BU', 'FC', 'FC', 'FC');
/*!40000 ALTER TABLE `user` ENABLE KEYS */;
/*!40101 SET SQL_MODE=IFNULL(@OLD_SQL_MODE, '') */;
/*!40014 SET FOREIGN_KEY_CHECKS=IF(@OLD_FOREIGN_KEY_CHECKS IS NULL, 1, @OLD_FOREIGN_KEY_CHECKS) */;
/*!40101 SET CHARACTER_SET_CLIENT=@OLD_CHARACTER_SET_CLIENT */;
